Rzad_k,Max_Error,RMSE
10,0.640027724418417,0.166066749920834
10,0.640027724418417,0.166066749920834
11,4.22203125373642e+16,3.7376243027002e+15
12,9.25811673861056e+41,6.9447814074224e+40
13,5.50631525305824e+64,2.88499276638319e+63
14,5.36969748499122e+84,4.09741457676791e+83
