Time,Exact,Adams_S,Adams_WS,Adams_NA,ddends,Err_S,Err_WS,Err_NA,Err_ddends
0,0,-0,-0,-0,-0,0,0,0,0
0.25,0.321006354171935,0.3125,0.25,0.75,0.321006144604106,0.00850635417193535,0.0710063541719352,0.428993645828065,2.09567829811963e-07
0.5,0.662180317675032,0.640625,0.614583333333333,1.375,0.662177653488719,0.021555317675032,0.0475969843416986,0.712819682324968,2.66418631322818e-06
0.75,1.02925000415317,0.999674479166667,0.981987847222223,1.875,1.02924469589222,0.0295755249865018,0.0472621569309462,0.845749995846832,5.30826094857773e-06
1,1.42957045711476,1.39144558376736,1.36745424623843,2.25,1.42956834169283,0.0381248733473996,0.0621162108763349,0.820429542885239,2.11542193051528e-06
1.25,1.78780620163238,1.82293687043367,1.79063255404249,2.5,1.78792207731435,0.0351306688012918,0.0028263524101122,0.712193798367625,0.000115875681977684
1.5,2.33589147508781,2.30549501784054,2.26386630486069,3.10416666666667,2.33601641922718,0.0303964572472739,0.072025170227128,0.768275191578853,0.000124944139369809
1.75,3.13260381710343,3.12328925538701,3.04003454190877,3.66927083333333,3.13275375028912,0.00931456171642342,0.0925692751946618,0.536667016229901,0.000149933185690898
2,4.25479415314254,4.24405575414995,4.13977439655481,4.28125,4.25551470408685,0.0107383989925927,0.11501975658773,0.0264558468574609,0.000720550944311782
