Time,Exact,Adams_S,Adams_WS,Adams_NA,ddends,Err_S,Err_WS,Err_NA,Err_ddends
0,0,-0,-0,-0,-0,0,0,0,0
0.25,0.321006354171935,0.3125,0.249999999999992,0.749999999999964,0.321006144604106,0.00850635417193535,0.0710063541719438,0.428993645828029,2.09567829811963e-07
0.5,0.662180317675032,0.640625,0.931498550056991,1.37499999999995,0.662177653488719,0.021555317675032,0.269318232381959,0.712819682324918,2.66418631322818e-06
0.75,1.02925000415317,0.98828125,0.366149076873193,1.87499999999989,1.02924469589222,0.0409687541531687,0.663100927279975,0.84574999584672,5.30826094857773e-06
1,1.42957045711476,1.3603515625,1.4596563640908,2.24999999999986,1.42956834169283,0.0692188946147612,0.0300859069760437,0.820429542885099,2.11542193051528e-06
1.25,1.78780620163238,1.762939453125,4.72047102492865,2.49999999999985,1.78792207731435,0.024866748507375,2.93266482329627,0.712193798367474,0.000115875681977684
1.5,2.33589147508781,2.20367431640625,-3.71039327008541,3.73799710011386,2.33601641922718,0.132217158681564,6.04628474517323,1.40210562502604,0.000124944139369809
1.75,3.13260381710343,2.83271789550781,2.65010348456372,1.50766024639832,3.13275375028912,0.299885921595621,0.482500332539715,1.62494357070511,0.000149933185690898
2,4.25479415314254,3.70105361938477,31.8373465005917,8.52213825694897,4.25551470408685,0.553740533757774,27.5825523474492,4.26734410380643,0.000720550944311782
