Time,Exact,Adams_S,Adams_WS,Adams_NA,ddends,Err_S,Err_WS,Err_NA,Err_ddends
0,0,-0,-0,-0,-0,0,0,0,0
0.25,0.321006354171935,0.3125,0.249999999999906,0.749999999999841,0.321006144604106,0.00850635417193535,0.071006354172029,0.428993645827906,2.09567829811963e-07
0.5,0.662180317675032,0.640625,0.96578174256073,1.37499999999974,0.662177653488719,0.021555317675032,0.303601424885698,0.712819682324712,2.66418631322818e-06
0.75,1.02925000415317,0.98828125,0.161977600971134,1.87499999999962,1.02924469589222,0.0409687541531687,0.867272403182035,0.845749995846449,5.30826094857773e-06
1,1.42957045711476,1.3603515625,1.72280469567582,2.24999999999949,1.42956834169283,0.0692188946147612,0.293234238561059,0.82042954288473,2.11542193051528e-06
1.25,1.78780620163238,1.762939453125,5.94987867787191,2.49999999999939,1.78792207731435,0.024866748507375,4.16207247623954,0.71219379836702,0.000115875681977684
1.5,2.33589147508781,2.20367431640625,-8.97805973178508,3.80656348512114,2.33601641922718,0.132217158681564,11.3139512068729,1.47067201003333,0.000124944139369809
1.75,3.13260381710343,2.83271789550781,6.87484541471082,0.950558368208852,3.13275375028912,0.299885921595621,3.74224159760739,2.18204544889458,0.000149933185690898
2,4.25479415314254,3.70105361938477,56.7718191740013,10.5019926240504,4.25551470408685,0.553740533757774,52.5170250208587,6.24719847090784,0.000720550944311782
