Time,Exact,Adams_S,Adams_WS,Adams_NA,ddends,Err_S,Err_WS,Err_NA,Err_ddends
0,0,-0,-0,-0,-0,0,0,0,0
0.25,0.321006354171935,0.3125,0.250000000000003,0.750000000000033,0.321006144604106,0.00850635417193535,0.0710063541719326,0.428993645828098,2.09567829811963e-07
0.5,0.662180317675032,0.640625,0.896474850501553,1.37500000000003,0.662177653488719,0.021555317675032,0.234294532826521,0.712819682325003,2.66418631322818e-06
0.75,1.02925000415317,0.98828125,0.544561665630635,1.87500000000004,1.02924469589222,0.0409687541531687,0.484688338522534,0.845749995846872,5.30826094857773e-06
1,1.42957045711476,1.3603515625,1.2992933415591,2.25000000000005,1.42956834169283,0.0692188946147612,0.130277115555663,0.820429542885289,2.11542193051528e-06
1.25,1.78780620163238,1.762939453125,3.72686365472299,2.50000000000006,1.78792207731435,0.024866748507375,1.93905745309061,0.712193798367684,0.000115875681977684
1.5,2.33589147508781,2.20367431640625,-0.513207867061729,3.66794970100319,2.33601641922718,0.132217158681564,2.84909934214954,1.33205822591537,0.000124944139369809
1.75,3.13260381710343,2.83271789550781,1.56216988068109,2.00674796506423,3.13275375028912,0.299885921595621,1.57043393642234,1.12585585203921,0.000149933185690898
2,4.25479415314254,3.70105361938477,17.0137597463709,6.99860732628578,4.25551470408685,0.553740533757774,12.7589655932284,2.74381317314324,0.000720550944311782
