Time,Exact,Adams_S,Adams_WS,Adams_NA,ddends,Err_S,Err_WS,Err_NA,Err_ddends
0,0,-0,-0,-0,-0,0,0,0,0
0.25,0.321006354171935,0.3125,0.25,0.749999999999997,0.321006144604106,0.00850635417193535,0.0710063541719355,0.428993645828061,2.09567829811963e-07
0.5,0.662180317675032,0.640625,0.785716352513226,1.375,0.662177653488719,0.021555317675032,0.123536034838194,0.712819682324963,2.66418631322818e-06
0.75,1.02925000415317,0.98828125,0.917391448775548,1.87499999999999,1.02924469589222,0.0409687541531687,0.111858555377621,0.845749995846826,5.30826094857773e-06
1,1.42957045711476,1.3603515625,1.24309705479898,2.24999999999999,1.42956834169283,0.0692188946147612,0.186473402315777,0.820429542885234,2.11542193051528e-06
1.25,1.78780620163238,1.762939453125,2.08004393924899,2.49999999999999,1.78792207731435,0.024866748507375,0.292237737616616,0.71219379836762,0.000115875681977684
1.5,2.33589147508781,2.20367431640625,2.33968820835186,3.44643270502645,2.33601641922718,0.132217158681564,0.00379673326404983,1.11054122993863,0.000124944139369809
1.75,3.13260381710343,3.18284251525919,2.93158004014285,3.13771029679232,3.13275375028912,0.0502386981557579,0.201023776960585,0.00510647968888822,0.000149933185690898
2,4.25479415314254,4.06678619920324,4.64591349566966,4.61872313161374,4.25551470408685,0.188007953939304,0.391119342527117,0.363928978471201,0.000720550944311782
