Time,Exact,Adams_S,Adams_WS,Adams_NA,ddends,Err_S,Err_WS,Err_NA,Err_ddends
0,0,-0,-0,-0,-0,0,0,0,0
0.25,0.321006354171935,0.3125,0.249999999999997,0.74999999999999,0.321006144604106,0.00850635417193535,0.0710063541719388,0.428993645828054,2.09567829811963e-07
0.5,0.662180317675032,0.640625,0.823744419642847,1.37499999999999,0.662177653488719,0.021555317675032,0.161564101967815,0.712819682324953,2.66418631322818e-06
0.75,1.02925000415317,0.98828125,0.82113942735228,1.87499999999998,1.02924469589222,0.0409687541531687,0.208110576800889,0.845749995846809,5.30826094857773e-06
1,1.42957045711476,1.3603515625,1.21080206755853,2.24999999999998,1.42956834169283,0.0692188946147612,0.21876838955623,0.820429542885214,2.11542193051528e-06
1.25,1.78780620163238,1.762939453125,2.42504489510897,2.49999999999997,1.78792207731435,0.024866748507375,0.637238693476598,0.712193798367597,0.000115875681977684
1.5,2.33589147508781,2.20367431640625,2.05799744572749,3.52248883928567,2.33601641922718,0.132217158681564,0.277894029360328,1.18659736419786,0.000124944139369809
1.75,3.13260381710343,2.83271789550781,2.45023852951713,2.82397874297285,3.13275375028912,0.299885921595621,0.682365287586305,0.308625074130585,0.000149933185690898
2,4.25479415314254,3.22703481985147,5.81474153820857,5.10358098751647,4.25551470408685,1.02775933329107,1.55994738506603,0.848786834373925,0.000720550944311782
