Time,Exact,Adams_S,Adams_WS,Adams_NA,ddends,Err_S,Err_WS,Err_NA,Err_ddends
0,0,-0,-0,-0,-0,0,0,0,0
0.25,0.321006354171935,0.3125,0.249999999999999,0.749999999999997,0.321006144604106,0.00850635417193535,0.0710063541719366,0.428993645828062,2.09567829811963e-07
0.5,0.662180317675032,0.640625,0.746267361111108,1.375,0.662177653488719,0.021555317675032,0.084087043436076,0.712819682324964,2.66418631322818e-06
0.75,1.02925000415317,0.98828125,0.983903733241701,1.87499999999999,1.02924469589222,0.0409687541531687,0.0453462709114676,0.845749995846826,5.30826094857773e-06
1,1.42957045711476,1.3603515625,1.29861379660827,2.24999999999999,1.42956834169283,0.0692188946147612,0.130956660506492,0.820429542885233,2.11542193051528e-06
1.25,1.78780620163238,1.762939453125,1.89665072859276,2.49999999999999,1.78792207731435,0.024866748507375,0.108844526960383,0.712193798367617,0.000115875681977684
1.5,2.33589147508781,2.22662544250488,2.37188960350486,3.36753472222221,2.33601641922718,0.109266032582932,0.0359981284170443,1.0316432471344,0.000124944139369809
1.75,3.13260381710343,3.17845071852207,3.15772341982644,3.38426649305554,3.13275375028912,0.0458469014186362,0.0251196027230058,0.251662675952111,0.000149933185690898
2,4.25479415314254,4.16512609462823,4.39265143556867,4.36230468749999,4.25551470408685,0.0896680585143139,0.137857282426133,0.107510534357446,0.000720550944311782
