Time,Exact,Adams_S,Adams_WS,Adams_NA,ddends,Err_S,Err_WS,Err_NA,Err_ddends
0,0,-0,-0,-0,-0,0,0,0,0
0.25,0.321006354171935,0.3125,0.250000000000007,0.75000000000001,0.321006144604106,0.00850635417193535,0.0710063541719287,0.428993645828075,2.09567829811963e-07
0.5,0.662180317675032,0.640625,0.860602919697992,1.37500000000002,0.662177653488719,0.021555317675032,0.19842260202296,0.712819682324991,2.66418631322818e-06
0.75,1.02925000415317,0.98828125,0.696509584980146,1.87500000000003,1.02924469589222,0.0409687541531687,0.332740419173023,0.845749995846859,5.30826094857773e-06
1,1.42957045711476,1.3603515625,1.22282094900929,2.25000000000004,1.42956834169283,0.0692188946147612,0.206749508105466,0.820429542885274,2.11542193051528e-06
1.25,1.78780620163238,1.762939453125,2.96611039157258,2.50000000000004,1.78792207731435,0.024866748507375,1.17830418994021,0.712193798367665,0.000115875681977684
1.5,2.33589147508781,2.20367431640625,1.23947806972346,3.596205839396,2.33601641922718,0.132217158681564,1.09641340536436,1.26031436430819,0.000124944139369809
1.75,3.13260381710343,2.83271789550781,1.83535770837314,2.44617911740801,3.13275375028912,0.299885921595621,1.2972461087303,0.686424699695425,0.000149933185690898
2,4.25479415314254,3.70105361938477,9.24527571060647,5.87760948867401,4.25551470408685,0.553740533757774,4.99048155746393,1.62281533553147,0.000720550944311782
