k,Method,Max_Error,RMSE
2,Adams_Start,8.48790660512577e-05,3.81288757885058e-05
2,ddends,0.000720550944311782,0.000101667860593284
