k,Method,Max_Error,RMSE
2,Adams_Start,0.00538649999990071,0.00189520263617827
2,Adams_WithoutStart,0.00538649999990071,0.00189520263617827
2,ddends,1.27897692436818e-13,3.04131146282383e-14
3,Adams_Start,0.000545249999902353,0.000205382721350155
3,Adams_WithoutStart,0.000545249999902353,0.000205382721350155
3,ddends,1.27897692436818e-13,3.04131146282383e-14
